id;num_contrat;date_contrat;date_reception;created_at;update_at
1;HDD executive Pizza;2022-01-11;2022-01-10;2022-01-11;2022-01-11
2;HDD online;2022-01-11;2022-01-11;2022-01-10;2022-01-10
3;turquoise port;2022-01-10;2022-01-11;2022-01-10;2022-01-11
4;Reactive Loan;2022-01-11;2022-01-11;2022-01-10;2022-01-11
5;Cambridgeshire installation;2022-01-10;2022-01-11;2022-01-10;2022-01-10
6;card engage Plastic;2022-01-11;2022-01-10;2022-01-11;2022-01-11
7;Garden Proactive 1080p;2022-01-10;2022-01-11;2022-01-10;2022-01-11
8;of Compatible Lari;2022-01-11;2022-01-11;2022-01-11;2022-01-11
9;ÃŽle-de-France Saint-Denis;2022-01-10;2022-01-10;2022-01-11;2022-01-11
10;Investment;2022-01-10;2022-01-11;2022-01-10;2022-01-11
